stone_id|reading_id|word_id|word|type
10000001|65000001|6|MAQI|formula
10000001|65000001|17|LUG|nomenclature
10000002|65000002|6|MAQI|formula
10000004|65000004|6|MAQI|formula
10000007|65000007|1|ANM|formula
10000007|65000007|6|MAQI|formula
10000007|65000007|46|CORRE|name
10000008|65000008|1|ANM|formula
10000008|65000008|3|CELI|formula
10000008|65000008|9|NIOTA|formula
10000008|65000008|10|CUNA|nomenclature
10000009|65000009|6|MAQI|formula
10000009|65000009|8|MUCOI|formula
10000009|65000009|41|BIR|name
10000010|65000010|10|CUNA|nomenclature
10000010|65000010|32|CUNAGUSSOS|name
10000010|65000010|87|CUNAGUSSOS|name
10000011|65000011|6|MAQI|formula
10000011|65000011|17|LUG|nomenclature
10000012|65000012|3|CELI|formula
10000012|65000012|9|NIOTA|formula
10000013|65000013|10|CUNA|nomenclature
10000015|65000015|6|MAQI|formula
10000015|65000015|8|MUCOI|formula
10000016|65000016|6|MAQI|formula
10000016|65000016|17|LUG|nomenclature
10000017|65000017|6|MAQI|formula
10000017|65000017|17|LUG|nomenclature
10000018|65000018|6|MAQI|formula
10000018|65000018|18|ERC|nomenclature
10000018|65000018|52|ERC|name
10000019|65000019|6|MAQI|formula
10000020|65000020|6|MAQI|formula
10000020|65000020|20|BRAN|nomenclature
10000022|65000022|8|MUCOI|formula
10000023|65000023|6|MAQI|formula
10000023|65000023|48|DALI|name
10000023|65000023|71|DALAGNI|name
10000024|65000024|6|MAQI|formula
10000024|65000024|54|MEDVVI|name
10000024|65000024|59|VRAICCI|name
10000025|65000025|5|KOI|formula
10000025|65000025|9|NIOTA|formula
10000025|65000025|17|LUG|nomenclature
10000025|65000025|23|TREN|nomenclature
10000026|65000026|6|MAQI|formula
10000026|65000026|16|VIR|nomenclature
10000026|65000026|33|VERGOSO|name
10000026|65000026|94|VERGOSO|name
10000027|65000027|6|MAQI|formula
10000027|65000027|49|DEGOS|name
10000028|65000028|3|CELI|formula
10000028|65000028|6|MAQI|formula
10000029|65000029|2|AVI|formula
10000030|65000030|6|MAQI|formula
10000030|65000030|18|ERC|nomenclature
10000030|65000030|22|IVA|nomenclature
10000030|65000030|52|ERC|name
10000031|65000031|6|MAQI|formula
10000031|65000031|8|MUCOI|formula
10000031|65000031|10|CUNA|nomenclature
10000031|65000031|41|BIR|name
10000032|65000032|6|MAQI|formula
10000033|65000033|3|CELI|formula
10000033|65000033|6|MAQI|formula
10000033|65000033|13|DOV|nomenclature
10000034|65000034|6|MAQI|formula
10000037|65000037|6|MAQI|formula
10000037|65000037|41|BIR|name
10000040|65000040|10|CUNA|nomenclature
10000041|65000041|6|MAQI|formula
10000043|65000043|1|ANM|formula
10000043|65000043|6|MAQI|formula
10000044|65000044|6|MAQI|formula
10000044|65000044|75|LAIDANN|name
10000045|65000045|6|MAQI|formula
10000045|65000045|75|LAIDANN|name
10000047|65000047|6|MAQI|formula
10000047|65000047|17|LUG|nomenclature
10000048|65000048|6|MAQI|formula
10000049|65000049|2|AVI|formula
10000049|65000049|3|CELI|formula
10000050|65000050|6|MAQI|formula
10000052|65000052|6|MAQI|formula
10000052|65000052|77|RONANN|name
10000053|65000053|6|MAQI|formula
10000053|65000053|17|LUG|nomenclature
10000054|65000054|6|MAQI|formula
10000054|65000054|10|CUNA|nomenclature
10000055|65000055|6|MAQI|formula
10000056|65000056|6|MAQI|formula
10000058|65000058|2|AVI|formula
10000058|65000058|6|MAQI|formula
10000058|65000058|8|MUCOI|formula
10000058|65000058|13|DOV|nomenclature
10000060|65000060|6|MAQI|formula
10000061|65000061|6|MAQI|formula
10000061|65000061|11|CATTU|nomenclature
10000062|65000062|6|MAQI|formula
10000062|65000062|10|CUNA|nomenclature
10000062|65000062|13|DOV|nomenclature
10000062|65000062|45|CORBBI|name
10000064|65000064|5|KOI|formula
10000064|65000064|6|MAQI|formula
10000064|65000064|13|DOV|nomenclature
10000065|65000065|6|MAQI|formula
10000065|65000065|11|CATTU|nomenclature
10000065|65000065|13|DOV|nomenclature
10000066|65000066|6|MAQI|formula
10000067|65000067|6|MAQI|formula
10000067|65000067|10|CUNA|nomenclature
10000067|65000067|14|GLAS|nomenclature
10000067|65000067|100|GLASICONAS|name
10000068|65000068|6|MAQI|formula
10000069|65000069|6|MAQI|formula
10000069|65000069|47|CURCI|name
10000071|65000071|2|AVI|formula
10000071|65000071|6|MAQI|formula
10000071|65000071|10|CUNA|nomenclature
10000071|65000071|45|CORBBI|name
10000072|65000072|5|KOI|formula
10000072|65000072|6|MAQI|formula
10000072|65000072|8|MUCOI|formula
10000072|65000072|9|NIOTA|formula
10000072|65000072|13|DOV|nomenclature
10000073|65000073|10|CUNA|nomenclature
10000074|65000074|51|DRUGNO|name
10000075|65000075|6|MAQI|formula
10000075|65000075|64|COIMAGNI|name
10000076|65000076|6|MAQI|formula
10000076|65000076|8|MUCOI|formula
10000076|65000076|51|DRUGNO|name
10000078|65000078|6|MAQI|formula
10000078|65000078|18|ERC|nomenclature
10000078|65000078|52|ERC|name
10000079|65000079|8|MUCOI|formula
10000080|65000080|6|MAQI|formula
10000080|65000080|21|QENN|nomenclature
10000081|65000081|6|MAQI|formula
10000081|65000081|55|RODDOS|name
10000082|65000082|6|MAQI|formula
10000083|65000083|6|MAQI|formula
10000085|65000085|6|MAQI|formula
10000085|65000085|8|MUCOI|formula
10000085|65000085|13|DOV|nomenclature
10000085|65000085|18|ERC|nomenclature
10000085|65000085|52|ERC|name
10000086|65000086|10|CUNA|nomenclature
10000087|65000087|2|AVI|formula
10000087|65000087|22|IVA|nomenclature
10000088|65000088|6|MAQI|formula
10000088|65000088|13|DOV|nomenclature
10000088|65000088|18|ERC|nomenclature
10000088|65000088|52|ERC|name
10000091|65000091|6|MAQI|formula
10000091|65000091|8|MUCOI|formula
10000091|65000091|43|BRUSCCOS|name
10000092|65000092|6|MAQI|formula
10000095|65000095|6|MAQI|formula
10000095|65000095|11|CATTU|nomenclature
10000096|65000096|2|AVI|formula
10000096|65000096|6|MAQI|formula
10000098|65000098|1|ANM|formula
10000098|65000098|6|MAQI|formula
10000098|65000098|41|BIR|name
10000098|65000098|62|BROCAGNI|name
10000100|65000100|2|AVI|formula
10000101|65000101|2|AVI|formula
10000101|65000101|11|CATTU|nomenclature
10000101|65000101|22|IVA|nomenclature
10000101|65000101|91|IVACATTOS|name
10000103|65000103|10|CUNA|nomenclature
10000103|65000103|90|GAMICUNAS|name
10000104|65000104|6|MAQI|formula
10000104|65000104|21|QENN|nomenclature
10000105|65000105|1|ANM|formula
10000106|65000106|6|MAQI|formula
10000107|65000107|6|MAQI|formula
10000108|65000108|6|MAQI|formula
10000108|65000108|8|MUCOI|formula
10000108|65000108|47|CURCI|name
10000109|65000109|2|AVI|formula
10000109|65000109|6|MAQI|formula
10000109|65000109|18|ERC|nomenclature
10000109|65000109|52|ERC|name
10000110|65000110|6|MAQI|formula
10000110|65000110|8|MUCOI|formula
10000110|65000110|49|DEGOS|name
10000111|65000111|6|MAQI|formula
10000111|65000111|8|MUCOI|formula
10000112|65000112|10|CUNA|nomenclature
10000113|65000113|21|QENN|nomenclature
10000114|65000114|6|MAQI|formula
10000115|65000115|6|MAQI|formula
10000115|65000115|8|MUCOI|formula
10000115|65000115|22|IVA|nomenclature
10000115|65000115|58|VORGOS|name
10000117|65000117|6|MAQI|formula
10000118|65000118|6|MAQI|formula
10000119|65000119|1|ANM|formula
10000119|65000119|6|MAQI|formula
10000120|65000120|6|MAQI|formula
10000120|65000120|18|ERC|nomenclature
10000120|65000120|52|ERC|name
10000121|65000121|1|ANM|formula
10000121|65000121|6|MAQI|formula
10000121|65000121|16|VIR|nomenclature
10000122|65000122|6|MAQI|formula
10000122|65000122|17|LUG|nomenclature
10000124|65000124|6|MAQI|formula
10000125|65000125|6|MAQI|formula
10000127|65000127|6|MAQI|formula
10000131|65000131|3|CELI|formula
10000131|65000131|38|ALATTOS|name
10000131|65000131|80|BATTIGNI|name
10000133|65000133|6|MAQI|formula
10000133|65000133|8|MUCOI|formula
10000133|65000133|11|CATTU|nomenclature
10000136|65000136|1|ANM|formula
10000136|65000136|6|MAQI|formula
10000137|65000137|5|KOI|formula
10000137|65000137|6|MAQI|formula
10000137|65000137|8|MUCOI|formula
10000138|65000138|1|ANM|formula
10000138|65000138|6|MAQI|formula
10000138|65000138|8|MUCOI|formula
10000138|65000138|18|ERC|nomenclature
10000138|65000138|52|ERC|name
10000139|65000139|6|MAQI|formula
10000139|65000139|11|CATTU|nomenclature
10000139|65000139|16|VIR|nomenclature
10000139|65000139|17|LUG|nomenclature
10000141|65000141|1|ANM|formula
10000142|65000142|6|MAQI|formula
10000143|65000143|6|MAQI|formula
10000143|65000143|22|IVA|nomenclature
10000145|65000145|6|MAQI|formula
10000146|65000146|6|MAQI|formula
10000146|65000146|42|BROCI|name
10000147|65000147|1|ANM|formula
10000147|65000147|6|MAQI|formula
10000148|65000148|6|MAQI|formula
10000149|65000149|2|AVI|formula
10000149|65000149|6|MAQI|formula
10000149|65000149|48|DALI|name
10000149|65000149|71|DALAGNI|name
10000150|65000150|6|MAQI|formula
10000151|65000151|6|MAQI|formula
10000152|65000152|6|MAQI|formula
10000153|65000153|6|MAQI|formula
10000154|65000154|1|ANM|formula
10000154|65000154|6|MAQI|formula
10000155|65000155|6|MAQI|formula
10000158|65000158|1|ANM|formula
10000158|65000158|25|GATTEGLAN|name
10000160|65000160|6|MAQI|formula
10000160|65000160|8|MUCOI|formula
10000161|65000161|6|MAQI|formula
10000161|65000161|10|CUNA|nomenclature
10000161|65000161|48|DALI|name
10000161|65000161|60|BAIDAGNI|name
10000164|65000164|6|MAQI|formula
10000164|65000164|8|MUCOI|formula
10000164|65000164|19|RITTA|nomenclature
10000165|65000165|6|MAQI|formula
10000165|65000165|8|MUCOI|formula
10000165|65000165|45|CORBBI|name
10000167|65000167|6|MAQI|formula
10000167|65000167|68|CORBAGNI|name
10000168|65000168|6|MAQI|formula
10000171|65000171|6|MAQI|formula
10000171|65000171|23|TREN|nomenclature
10000174|65000174|6|MAQI|formula
10000174|65000174|8|MUCOI|formula
10000174|65000174|11|CATTU|nomenclature
10000174|65000174|16|VIR|nomenclature
10000174|65000174|30|CATTUVVIRR|name
10000174|65000174|88|CATTUVVIRR|name
10000175|65000175|17|LUG|nomenclature
10000176|65000176|6|MAQI|formula
10000176|65000176|10|CUNA|nomenclature
10000176|65000176|14|GLAS|nomenclature
10000176|65000176|20|BRAN|nomenclature
10000176|65000176|100|GLASICONAS|name
10000178|65000178|6|MAQI|formula
10000179|65000179|1|ANM|formula
10000179|65000179|6|MAQI|formula
10000180|65000180|1|ANM|formula
10000182|65000182|6|MAQI|formula
10000183|65000183|6|MAQI|formula
10000184|65000184|6|MAQI|formula
10000184|65000184|22|IVA|nomenclature
10000184|65000184|92|IVAGENI|name
10000185|65000185|5|KOI|formula
10000185|65000185|6|MAQI|formula
10000185|65000185|9|NIOTA|formula
10000185|65000185|17|LUG|nomenclature
10000185|65000185|23|TREN|nomenclature
10000187|65000187|6|MAQI|formula
10000187|65000187|9|NIOTA|formula
10000187|65000187|10|CUNA|nomenclature
10000188|65000188|6|MAQI|formula
10000188|65000188|18|ERC|nomenclature
10000188|65000188|52|ERC|name
10000189|65000189|6|MAQI|formula
10000189|65000189|8|MUCOI|formula
10000189|65000189|9|NIOTA|formula
10000189|65000189|17|LUG|nomenclature
10000190|65000190|6|MAQI|formula
10000192|65000192|6|MAQI|formula
10000192|65000192|8|MUCOI|formula
10000192|65000192|10|CUNA|nomenclature
10000192|65000192|17|LUG|nomenclature
10000193|65000193|6|MAQI|formula
10000193|65000193|8|MUCOI|formula
10000193|65000193|17|LUG|nomenclature
10000194|65000194|11|CATTU|nomenclature
10000194|65000194|16|VIR|nomenclature
10000195|65000195|6|MAQI|formula
10000195|65000195|8|MUCOI|formula
10000195|65000195|22|IVA|nomenclature
10000197|65000197|2|AVI|formula
10000197|65000197|6|MAQI|formula
10000197|65000197|10|CUNA|nomenclature
10000198|65000198|6|MAQI|formula
10000198|65000198|9|NIOTA|formula
10000199|65000199|6|MAQI|formula
10000199|65000199|8|MUCOI|formula
10000200|65000200|6|MAQI|formula
10000200|65000200|8|MUCOI|formula
10000201|65000201|6|MAQI|formula
10000202|65000202|2|AVI|formula
10000202|65000202|3|CELI|formula
10000202|65000202|6|MAQI|formula
10000202|65000202|10|CUNA|nomenclature
10000203|65000203|6|MAQI|formula
10000204|65000204|6|MAQI|formula
10000204|65000204|8|MUCOI|formula
10000204|65000204|41|BIR|name
10000205|65000205|6|MAQI|formula
10000205|65000205|9|NIOTA|formula
10000205|65000205|10|CUNA|nomenclature
10000206|65000206|8|MUCOI|formula
10000207|65000207|6|MAQI|formula
10000207|65000207|8|MUCOI|formula
10000209|65000209|6|MAQI|formula
10000209|65000209|8|MUCOI|formula
10000210|65000210|2|AVI|formula
10000210|65000210|71|DALAGNI|name
10000211|65000211|6|MAQI|formula
10000211|65000211|8|MUCOI|formula
10000211|65000211|85|GOSOCTAS|name
10000213|65000213|8|MUCOI|formula
10000213|65000213|22|IVA|nomenclature
10000214|65000214|6|MAQI|formula
10000214|65000214|8|MUCOI|formula
10000214|65000214|10|CUNA|nomenclature
10000214|65000214|17|LUG|nomenclature
10000215|65000215|6|MAQI|formula
10000216|65000216|2|AVI|formula
10000216|65000216|6|MAQI|formula
10000216|65000216|20|BRAN|nomenclature
10000217|65000217|8|MUCOI|formula
10000218|65000218|6|MAQI|formula
10000218|65000218|20|BRAN|nomenclature
10000219|65000219|6|MAQI|formula
10000221|65000221|8|MUCOI|formula
10000221|65000221|9|NIOTA|formula
10000224|65000224|8|MUCOI|formula
10000225|65000225|6|MAQI|formula
10000227|65000227|6|MAQI|formula
10000227|65000227|8|MUCOI|formula
10000227|65000227|12|BARR|nomenclature
10000228|65000228|6|MAQI|formula
10000229|65000229|2|AVI|formula
10000229|65000229|10|CUNA|nomenclature
10000231|65000231|6|MAQI|formula
10000231|65000231|9|NIOTA|formula
10000231|65000231|28|CUNANETAS|name
10000233|65000233|6|MAQI|formula
10000233|65000233|8|MUCOI|formula
10000233|65000233|22|IVA|nomenclature
10000234|65000234|8|MUCOI|formula
10000234|65000234|11|CATTU|nomenclature
10000234|65000234|12|BARR|nomenclature
10000234|65000234|16|VIR|nomenclature
10000234|65000234|29|CATABAR|name
10000235|65000235|6|MAQI|formula
10000237|65000237|6|MAQI|formula
10000237|65000237|8|MUCOI|formula
10000237|65000237|17|LUG|nomenclature
10000238|65000238|6|MAQI|formula
10000238|65000238|8|MUCOI|formula
10000238|65000238|17|LUG|nomenclature
10000238|65000238|76|MODDAGNI|name
10000240|65000240|6|MAQI|formula
10000240|65000240|8|MUCOI|formula
10000241|65000241|6|MAQI|formula
10000241|65000241|8|MUCOI|formula
10000241|65000241|51|DRUGNO|name
10000242|65000242|6|MAQI|formula
10000242|65000242|12|BARR|nomenclature
10000242|65000242|22|IVA|nomenclature
10000243|65000243|6|MAQI|formula
10000244|65000244|12|BARR|nomenclature
10000247|65000247|9|NIOTA|formula
10000247|65000247|10|CUNA|nomenclature
10000248|65000248|6|MAQI|formula
10000248|65000248|62|BROCAGNI|name
10000249|65000249|6|MAQI|formula
10000249|65000249|15|MAGL|nomenclature
10000250|65000250|6|MAQI|formula
10000250|65000250|8|MUCOI|formula
10000252|65000252|5|KOI|formula
10000252|65000252|6|MAQI|formula
10000253|65000253|16|VIR|nomenclature
10000254|65000254|6|MAQI|formula
10000254|65000254|8|MUCOI|formula
10000254|65000254|16|VIR|nomenclature
10000255|65000255|2|AVI|formula
10000255|65000255|13|DOV|nomenclature
10000256|65000256|5|KOI|formula
10000256|65000256|6|MAQI|formula
10000257|65000257|20|BRAN|nomenclature
10000257|65000257|86|BRANOGENI|name
10000258|65000258|6|MAQI|formula
10000258|65000258|17|LUG|nomenclature
10000259|65000259|2|AVI|formula
10000259|65000259|6|MAQI|formula
10000259|65000259|14|GLAS|nomenclature
10000259|65000259|35|INEQAGLAS|name
10000260|65000260|6|MAQI|formula
10000260|65000260|8|MUCOI|formula
10000260|65000260|17|LUG|nomenclature
10000260|65000260|69|COVAGNI|name
10000262|65000262|2|AVI|formula
10000262|65000262|12|BARR|nomenclature
10000262|65000262|40|BARI|name
10000263|65000263|53|IARNI|name
10000265|65000265|6|MAQI|formula
10000265|65000265|11|CATTU|nomenclature
10000265|65000265|18|ERC|nomenclature
10000265|65000265|26|DERCMASOC|name
10000265|65000265|52|ERC|name
10000266|65000266|9|NIOTA|formula
10000266|65000266|44|CARI|name
10000267|65000267|5|KOI|formula
10000267|65000267|6|MAQI|formula
10000268|65000268|6|MAQI|formula
10000269|65000269|6|MAQI|formula
10000269|65000269|38|ALATTOS|name
10000271|65000271|6|MAQI|formula
10000275|65000275|1|ANM|formula
10000275|65000275|6|MAQI|formula
10000275|65000275|8|MUCOI|formula
10000277|65000277|6|MAQI|formula
10000277|65000277|8|MUCOI|formula
10000277|65000277|23|TREN|nomenclature
10000277|65000277|56|TRENU|name
10000278|65000278|6|MAQI|formula
10000278|65000278|11|CATTU|nomenclature
10000279|65000279|22|IVA|nomenclature
10000280|65000280|6|MAQI|formula
10000280|65000280|81|QASIGNI|name
10000282|65000282|6|MAQI|formula
10000284|65000284|2|AVI|formula
10000284|65000284|6|MAQI|formula
10000284|65000284|13|DOV|nomenclature
10000284|65000284|24|DOVALESCI|name
10000284|65000284|43|BRUSCCOS|name
10000284|65000284|65|COLOMAGNI|name
10000284|65000284|103|DOVALESCI|name
10000286|65000286|6|MAQI|formula
10000287|65000287|2|AVI|formula
10000287|65000287|6|MAQI|formula
10000288|65000288|44|CARI|name
10000289|65000289|17|LUG|nomenclature
10000290|65000290|73|GIRAGNI|name
10000291|65000292|6|MAQI|formula
10000291|65000292|8|MUCOI|formula
10000291|65000292|10|CUNA|nomenclature
10000291|65000292|16|VIR|nomenclature
10000291|65000292|79|VIRAGNI|name
10000292|65000293|6|MAQI|formula
10000292|65000293|8|MUCOI|formula
10000292|65000293|64|COIMAGNI|name
10000294|65000295|89|DOMNGEN|name
10000295|65000296|6|MAQI|formula
10000295|65000296|10|CUNA|nomenclature
10000295|65000296|67|CONANN|name
10000296|65000297|1|ANM|formula
10000296|65000297|6|MAQI|formula
10000296|65000297|83|CASONI|name
10000297|65000298|1|ANM|formula
10000297|65000298|6|MAQI|formula
10000303|65000304|6|MAQI|formula
10000303|65000304|8|MUCOI|formula
10000304|65000305|6|MAQI|formula
10000305|65000306|6|MAQI|formula
10000305|65000306|42|BROCI|name
10000306|65000307|6|MAQI|formula
10000307|65000308|6|MAQI|formula
10000308|65000309|6|MAQI|formula
10000309|65000310|6|MAQI|formula
10000310|65000311|1|ANM|formula
10000310|65000311|6|MAQI|formula
10000310|65000311|20|BRAN|nomenclature
10000311|65000312|6|MAQI|formula
10000311|65000312|41|BIR|name
10000312|65000313|6|MAQI|formula
10000312|65000313|8|MUCOI|formula
10000312|65000313|37|ACTO|name
10000313|65000314|6|MAQI|formula
10000313|65000314|39|BAIT|name
10000313|65000314|84|CRONUN|name
10000315|65000316|6|MAQI|formula
10000316|65000317|18|ERC|nomenclature
10000316|65000317|52|ERC|name
10000317|65000318|6|MAQI|formula
10000317|65000318|50|DOMMO|name
10000318|65000319|93|MEDDO|name
10000320|65000321|6|MAQI|formula
10000320|65000321|22|IVA|nomenclature
10000321|65000322|5|KOI|formula
10000321|65000322|6|MAQI|formula
10000321|65000322|68|CORBAGNI|name
10000322|65000323|11|CATTU|nomenclature
10000323|65000291|2|AVI|formula
10000323|65000291|6|MAQI|formula
10000323|65000291|63|CERANI|name
20000001|65000488|6|MAQI|formula
20000001|65000488|37|ACTO|name
20000001|65000487|6|MAQI|formula
20000001|65000487|37|ACTO|name
20000002|65000489|6|MAQI|formula
20000002|65000489|15|MAGL|nomenclature
20000003|65000490|6|MAQI|formula
20000003|65000490|75|LAIDANN|name
20000003|65000491|6|MAQI|formula
20000003|65000491|75|LAIDANN|name
20000004|65000493|6|MAQI|formula
20000004|65000493|75|LAIDANN|name
20000004|65000492|6|MAQI|formula
20000004|65000492|75|LAIDANN|name
20000005|65000494|6|MAQI|formula
20000005|65000494|17|LUG|nomenclature
20000005|65000495|6|MAQI|formula
20000005|65000495|17|LUG|nomenclature
20000006|65000497|6|MAQI|formula
20000006|65000496|6|MAQI|formula
20000007|65000498|2|AVI|formula
20000007|65000498|3|CELI|formula
20000008|65000500|73|GIRAGNI|name
20000009|65000501|6|MAQI|formula
20000009|65000501|8|MUCOI|formula
20000009|65000501|10|CUNA|nomenclature
20000009|65000501|16|VIR|nomenclature
20000009|65000501|79|VIRAGNI|name
20000009|65000502|6|MAQI|formula
20000009|65000502|8|MUCOI|formula
20000009|65000502|10|CUNA|nomenclature
20000009|65000502|16|VIR|nomenclature
20000009|65000502|79|VIRAGNI|name
20000009|65000503|6|MAQI|formula
20000009|65000503|8|MUCOI|formula
20000009|65000503|10|CUNA|nomenclature
20000009|65000503|16|VIR|nomenclature
20000009|65000503|79|VIRAGNI|name
20000010|65000507|6|MAQI|formula
20000010|65000507|64|COIMAGNI|name
20000010|65000505|6|MAQI|formula
20000010|65000505|8|MUCOI|formula
20000010|65000505|64|COIMAGNI|name
20000010|65000506|6|MAQI|formula
20000010|65000506|8|MUCOI|formula
20000010|65000506|64|COIMAGNI|name
20000010|65000504|6|MAQI|formula
20000010|65000504|8|MUCOI|formula
20000010|65000504|64|COIMAGNI|name
20000011|65000509|6|MAQI|formula
20000011|65000509|8|MUCOI|formula
20000011|65000509|9|NIOTA|formula
20000011|65000509|17|LUG|nomenclature
20000011|65000508|6|MAQI|formula
20000011|65000508|8|MUCOI|formula
20000011|65000508|9|NIOTA|formula
20000011|65000508|17|LUG|nomenclature
20000012|65000511|6|MAQI|formula
20000012|65000510|6|MAQI|formula
20000014|65000513|6|MAQI|formula
20000015|65000514|6|MAQI|formula
20000015|65000514|13|DOV|nomenclature
20000015|65000514|19|RITTA|nomenclature
20000016|65000515|6|MAQI|formula
20000020|65000521|1|ANM|formula
20000020|65000521|6|MAQI|formula
20000020|65000522|6|MAQI|formula
20000020|65000522|77|RONANN|name
20000020|65000520|6|MAQI|formula
20000020|65000520|77|RONANN|name
20000023|65000527|2|AVI|formula
20000023|65000526|22|IVA|nomenclature
20000025|65000530|6|MAQI|formula
20000025|65000530|22|IVA|nomenclature
20000025|65000529|6|MAQI|formula
20000025|65000529|22|IVA|nomenclature
20000026|65000534|5|KOI|formula
20000026|65000534|6|MAQI|formula
20000026|65000534|8|MUCOI|formula
20000026|65000534|68|CORBAGNI|name
20000026|65000533|68|CORBAGNI|name
20000026|65000532|5|KOI|formula
20000026|65000532|6|MAQI|formula
20000026|65000532|68|CORBAGNI|name
20000027|65000535|11|CATTU|nomenclature
20000027|65000536|11|CATTU|nomenclature
20000029|65000543|6|MAQI|formula
20000029|65000540|6|MAQI|formula
20000029|65000541|6|MAQI|formula
20000030|65000547|17|LUG|nomenclature
20000031|65000549|6|MAQI|formula
20000033|65000553|6|MAQI|formula
20000033|65000553|37|ACTO|name
20000033|65000552|6|MAQI|formula
20000033|65000552|37|ACTO|name
20000034|65000554|18|ERC|nomenclature
20000034|65000554|52|ERC|name
20000035|65000557|6|MAQI|formula
20000035|65000557|50|DOMMO|name
20000035|65000555|6|MAQI|formula
20000035|65000555|50|DOMMO|name
20000035|65000556|6|MAQI|formula
20000036|65000559|1|ANM|formula
20000036|65000559|93|MEDDO|name
20000036|65000558|1|ANM|formula
20000036|65000558|93|MEDDO|name
20000038|65000564|6|MAQI|formula
20000038|65000564|42|BROCI|name
20000038|65000562|6|MAQI|formula
20000038|65000563|6|MAQI|formula
20000038|65000563|42|BROCI|name
20000039|65000565|6|MAQI|formula
20000040|65000567|6|MAQI|formula
20000040|65000566|6|MAQI|formula
20000041|65000568|6|MAQI|formula
20000041|65000568|23|TREN|nomenclature
20000042|65000569|6|MAQI|formula
20000042|65000570|6|MAQI|formula
20000043|65000572|1|ANM|formula
20000043|65000572|6|MAQI|formula
20000043|65000572|20|BRAN|nomenclature
20000043|65000573|1|ANM|formula
20000043|65000573|6|MAQI|formula
20000043|65000573|20|BRAN|nomenclature
20000043|65000571|1|ANM|formula
20000043|65000571|6|MAQI|formula
20000043|65000571|20|BRAN|nomenclature
20000044|65000577|6|MAQI|formula
20000044|65000577|41|BIR|name
20000044|65000576|6|MAQI|formula
20000044|65000576|41|BIR|name
20000044|65000574|6|MAQI|formula
20000044|65000574|41|BIR|name
20000044|65000575|6|MAQI|formula
20000044|65000575|41|BIR|name
20000045|65000578|6|MAQI|formula
20000045|65000578|39|BAIT|name
20000045|65000578|84|CRONUN|name
20000046|65000579|6|MAQI|formula
20000046|65000579|8|MUCOI|formula
20000046|65000579|9|NIOTA|formula
20000046|65000579|41|BIR|name
20000047|65000580|5|KOI|formula
20000047|65000580|6|MAQI|formula
20000048|65000581|6|MAQI|formula
20000048|65000581|20|BRAN|nomenclature
20000048|65000581|74|GLANNANI|name
20000048|65000582|6|MAQI|formula
20000048|65000582|20|BRAN|nomenclature
20000048|65000582|74|GLANNANI|name
20000049|65000584|6|MAQI|formula
20000049|65000584|10|CUNA|nomenclature
20000049|65000585|6|MAQI|formula
20000049|65000585|10|CUNA|nomenclature
20000049|65000583|6|MAQI|formula
20000049|65000583|10|CUNA|nomenclature
20000051|65000588|6|MAQI|formula
20000051|65000587|6|MAQI|formula
20000052|65000589|6|MAQI|formula
20000052|65000591|6|MAQI|formula
20000052|65000590|6|MAQI|formula
20000053|65000594|2|AVI|formula
20000053|65000594|6|MAQI|formula
20000053|65000594|8|MUCOI|formula
20000053|65000592|2|AVI|formula
20000053|65000592|6|MAQI|formula
20000053|65000592|8|MUCOI|formula
20000053|65000592|13|DOV|nomenclature
20000053|65000595|2|AVI|formula
20000053|65000595|6|MAQI|formula
20000053|65000595|8|MUCOI|formula
20000053|65000593|2|AVI|formula
20000053|65000593|6|MAQI|formula
20000055|65000599|6|MAQI|formula
20000055|65000597|6|MAQI|formula
20000056|65000601|6|MAQI|formula
20000056|65000601|11|CATTU|nomenclature
20000056|65000600|6|MAQI|formula
20000056|65000600|11|CATTU|nomenclature
20000057|65000603|6|MAQI|formula
20000057|65000603|10|CUNA|nomenclature
20000057|65000603|45|CORBBI|name
20000057|65000602|6|MAQI|formula
20000057|65000602|10|CUNA|nomenclature
20000057|65000602|45|CORBBI|name
20000059|65000607|6|MAQI|formula
20000059|65000608|6|MAQI|formula
20000061|65000610|6|MAQI|formula
20000061|65000610|8|MUCOI|formula
20000061|65000610|22|IVA|nomenclature
20000061|65000611|6|MAQI|formula
20000061|65000611|8|MUCOI|formula
20000061|65000611|22|IVA|nomenclature
20000062|65000612|6|MAQI|formula
20000062|65000612|23|TREN|nomenclature
20000063|65000613|6|MAQI|formula
20000063|65000614|6|MAQI|formula
20000065|65000616|6|MAQI|formula
20000065|65000616|8|MUCOI|formula
20000065|65000616|51|DRUGNO|name
20000065|65000617|51|DRUGNO|name
20000067|65000619|6|MAQI|formula
20000068|65000620|6|MAQI|formula
20000069|65000621|6|MAQI|formula
20000069|65000623|6|MAQI|formula
20000071|65000625|6|MAQI|formula
20000072|65000626|6|MAQI|formula
20000072|65000626|64|COIMAGNI|name
20000073|65000629|6|MAQI|formula
20000073|65000629|55|RODDOS|name
20000073|65000627|6|MAQI|formula
20000073|65000627|55|RODDOS|name
20000073|65000628|6|MAQI|formula
20000073|65000628|55|RODDOS|name
20000073|65000630|6|MAQI|formula
20000073|65000630|55|RODDOS|name
20000074|65000631|6|MAQI|formula
20000074|65000631|17|LUG|nomenclature
20000074|65000632|6|MAQI|formula
20000074|65000632|17|LUG|nomenclature
20000076|65000634|6|MAQI|formula
20000076|65000634|13|DOV|nomenclature
20000076|65000635|5|KOI|formula
20000076|65000635|6|MAQI|formula
20000076|65000635|13|DOV|nomenclature
20000077|65000636|6|MAQI|formula
20000077|65000636|11|CATTU|nomenclature
20000077|65000636|13|DOV|nomenclature
20000078|65000637|6|MAQI|formula
20000078|65000638|6|MAQI|formula
20000079|65000639|6|MAQI|formula
20000079|65000639|10|CUNA|nomenclature
20000079|65000639|14|GLAS|nomenclature
20000079|65000639|100|GLASICONAS|name
20000080|65000642|47|CURCI|name
20000080|65000640|6|MAQI|formula
20000080|65000641|6|MAQI|formula
20000080|65000641|47|CURCI|name
20000082|65000645|2|AVI|formula
20000082|65000645|6|MAQI|formula
20000082|65000644|2|AVI|formula
20000082|65000644|6|MAQI|formula
20000082|65000644|10|CUNA|nomenclature
20000082|65000644|45|CORBBI|name
20000083|65000648|5|KOI|formula
20000083|65000648|6|MAQI|formula
20000083|65000648|8|MUCOI|formula
20000083|65000648|9|NIOTA|formula
20000083|65000648|13|DOV|nomenclature
20000083|65000647|5|KOI|formula
20000083|65000647|6|MAQI|formula
20000083|65000647|8|MUCOI|formula
20000083|65000647|13|DOV|nomenclature
20000083|65000649|5|KOI|formula
20000083|65000649|6|MAQI|formula
20000083|65000649|8|MUCOI|formula
20000083|65000649|9|NIOTA|formula
20000083|65000646|5|KOI|formula
20000083|65000646|6|MAQI|formula
20000083|65000646|8|MUCOI|formula
20000083|65000646|9|NIOTA|formula
20000083|65000646|13|DOV|nomenclature
20000084|65000650|10|CUNA|nomenclature
20000084|65000651|10|CUNA|nomenclature
20000086|65000654|2|AVI|formula
20000086|65000654|6|MAQI|formula
20000086|65000654|10|CUNA|nomenclature
20000087|65000655|6|MAQI|formula
20000087|65000655|9|NIOTA|formula
20000088|65000656|6|MAQI|formula
20000088|65000656|21|QENN|nomenclature
20000089|65000657|8|MUCOI|formula
20000089|65000657|11|CATTU|nomenclature
20000089|65000657|12|BARR|nomenclature
20000089|65000657|16|VIR|nomenclature
20000089|65000657|29|CATABAR|name
20000091|65000659|6|MAQI|formula
20000091|65000659|18|ERC|nomenclature
20000091|65000659|52|ERC|name
20000092|65000661|6|MAQI|formula
20000093|65000664|6|MAQI|formula
20000093|65000666|6|MAQI|formula
20000093|65000665|6|MAQI|formula
20000094|65000667|6|MAQI|formula
20000094|65000667|8|MUCOI|formula
20000094|65000667|13|DOV|nomenclature
20000094|65000667|18|ERC|nomenclature
20000094|65000667|52|ERC|name
20000095|65000668|6|MAQI|formula
20000095|65000668|17|LUG|nomenclature
20000099|65000672|6|MAQI|formula
20000099|65000673|6|MAQI|formula
20000100|65000674|10|CUNA|nomenclature
20000100|65000675|6|MAQI|formula
20000100|65000675|10|CUNA|nomenclature
20000101|65000676|2|AVI|formula
20000101|65000676|22|IVA|nomenclature
20000102|65000678|89|DOMNGEN|name
20000103|65000679|10|CUNA|nomenclature
20000103|65000679|67|CONANN|name
20000105|65000681|1|ANM|formula
20000105|65000681|6|MAQI|formula
20000105|65000682|1|ANM|formula
20000105|65000682|6|MAQI|formula
20000107|65000685|6|MAQI|formula
20000107|65000684|6|MAQI|formula
20000107|65000684|8|MUCOI|formula
20000108|65000687|6|MAQI|formula
20000108|65000688|6|MAQI|formula
20000108|65000686|6|MAQI|formula
20000108|65000686|19|RITTA|nomenclature
20000109|65000690|6|MAQI|formula
20000109|65000689|2|AVI|formula
20000109|65000689|48|DALI|name
20000109|65000689|71|DALAGNI|name
20000115|65000696|21|QENN|nomenclature
20000116|65000697|6|MAQI|formula
20000116|65000697|8|MUCOI|formula
20000116|65000697|11|CATTU|nomenclature
20000116|65000697|16|VIR|nomenclature
20000116|65000697|30|CATTUVVIRR|name
20000116|65000697|88|CATTUVVIRR|name
20000117|65000698|6|MAQI|formula
20000117|65000698|42|BROCI|name
20000118|65000699|2|AVI|formula
20000118|65000699|11|CATTU|nomenclature
20000118|65000699|22|IVA|nomenclature
20000118|65000699|91|IVACATTOS|name
20000119|65000700|6|MAQI|formula
20000120|65000701|6|MAQI|formula
20000121|65000703|5|KOI|formula
20000121|65000703|6|MAQI|formula
20000121|65000703|8|MUCOI|formula
20000122|65000704|6|MAQI|formula
20000125|65000708|1|ANM|formula
20000125|65000708|6|MAQI|formula
20000125|65000708|46|CORRE|name
20000125|65000707|1|ANM|formula
20000125|65000707|6|MAQI|formula
20000125|65000707|46|CORRE|name
20000126|65000709|1|ANM|formula
20000126|65000709|3|CELI|formula
20000126|65000709|9|NIOTA|formula
20000126|65000709|10|CUNA|nomenclature
20000127|65000710|6|MAQI|formula
20000128|65000711|6|MAQI|formula
20000128|65000712|6|MAQI|formula
20000129|65000713|6|MAQI|formula
20000130|65000714|6|MAQI|formula
20000130|65000714|8|MUCOI|formula
20000130|65000714|49|DEGOS|name
20000131|65000715|6|MAQI|formula
20000131|65000715|8|MUCOI|formula
20000132|65000716|10|CUNA|nomenclature
20000133|65000717|6|MAQI|formula
20000133|65000717|8|MUCOI|formula
20000133|65000717|22|IVA|nomenclature
20000133|65000717|58|VORGOS|name
20000135|65000721|6|MAQI|formula
20000135|65000720|6|MAQI|formula
20000135|65000719|6|MAQI|formula
20000136|65000722|6|MAQI|formula
20000139|65000723|2|AVI|formula
20000139|65000723|6|MAQI|formula
20000139|65000723|63|CERANI|name
20000139|65000728|2|AVI|formula
20000139|65000726|2|AVI|formula
20000139|65000725|2|AVI|formula
20000139|65000725|6|MAQI|formula
20000139|65000725|63|CERANI|name
20000140|65000729|53|IARNI|name
20000142|65000730|17|LUG|nomenclature
20000143|65000731|6|MAQI|formula
20000143|65000731|8|MUCOI|formula
20000144|65000732|6|MAQI|formula
20000144|65000732|12|BARR|nomenclature
20000144|65000732|22|IVA|nomenclature
20000145|65000733|6|MAQI|formula
20000147|65000735|3|CELI|formula
20000147|65000735|6|MAQI|formula
20000147|65000735|13|DOV|nomenclature
20000150|65000740|6|MAQI|formula
20000150|65000740|8|MUCOI|formula
20000150|65000740|10|CUNA|nomenclature
20000150|65000740|17|LUG|nomenclature
20000150|65000741|6|MAQI|formula
20000150|65000741|8|MUCOI|formula
20000150|65000741|17|LUG|nomenclature
20000150|65000741|69|COVAGNI|name
20000150|65000739|6|MAQI|formula
20000150|65000739|8|MUCOI|formula
20000150|65000739|17|LUG|nomenclature
20000150|65000739|69|COVAGNI|name
20000150|65000738|6|MAQI|formula
20000150|65000738|8|MUCOI|formula
20000150|65000738|17|LUG|nomenclature
20000150|65000738|69|COVAGNI|name
20000151|65000742|9|NIOTA|formula
20000151|65000742|44|CARI|name
20000151|65000743|9|NIOTA|formula
20000151|65000743|44|CARI|name
20000151|65000744|9|NIOTA|formula
20000151|65000744|44|CARI|name
20000153|65000747|1|ANM|formula
20000153|65000747|6|MAQI|formula
20000153|65000746|1|ANM|formula
20000153|65000746|6|MAQI|formula
20000154|65000749|6|MAQI|formula
20000154|65000749|41|BIR|name
20000154|65000750|6|MAQI|formula
20000154|65000748|6|MAQI|formula
20000154|65000748|8|MUCOI|formula
20000154|65000748|41|BIR|name
20000155|65000751|1|ANM|formula
20000155|65000751|6|MAQI|formula
20000156|65000753|1|ANM|formula
20000156|65000752|1|ANM|formula
20000156|65000752|6|MAQI|formula
20000156|65000752|8|MUCOI|formula
20000156|65000752|18|ERC|nomenclature
20000156|65000752|52|ERC|name
20000157|65000754|6|MAQI|formula
20000157|65000754|18|ERC|nomenclature
20000157|65000754|52|ERC|name
20000159|65000757|6|MAQI|formula
20000159|65000756|6|MAQI|formula
20000160|65000758|5|KOI|formula
20000160|65000758|6|MAQI|formula
20000160|65000760|5|KOI|formula
20000160|65000760|6|MAQI|formula
20000160|65000759|5|KOI|formula
20000162|65000762|5|KOI|formula
20000162|65000762|6|MAQI|formula
20000162|65000762|9|NIOTA|formula
20000162|65000762|17|LUG|nomenclature
20000162|65000762|23|TREN|nomenclature
20000162|65000763|5|KOI|formula
20000162|65000763|6|MAQI|formula
20000162|65000763|9|NIOTA|formula
20000162|65000763|17|LUG|nomenclature
20000162|65000763|23|TREN|nomenclature
20000165|65000767|6|MAQI|formula
20000166|65000768|6|MAQI|formula
20000167|65000770|6|MAQI|formula
20000168|65000772|6|MAQI|formula
20000168|65000772|11|CATTU|nomenclature
20000168|65000772|16|VIR|nomenclature
20000168|65000772|17|LUG|nomenclature
20000168|65000773|6|MAQI|formula
20000168|65000773|11|CATTU|nomenclature
20000168|65000773|16|VIR|nomenclature
20000168|65000773|17|LUG|nomenclature
20000168|65000771|6|MAQI|formula
20000168|65000771|11|CATTU|nomenclature
20000168|65000771|16|VIR|nomenclature
20000168|65000771|17|LUG|nomenclature
20000169|65000774|6|MAQI|formula
20000169|65000774|8|MUCOI|formula
20000169|65000774|10|CUNA|nomenclature
20000169|65000774|17|LUG|nomenclature
20000170|65000775|6|MAQI|formula
20000170|65000775|8|MUCOI|formula
20000170|65000775|17|LUG|nomenclature
20000171|65000776|11|CATTU|nomenclature
20000171|65000776|16|VIR|nomenclature
20000172|65000777|6|MAQI|formula
20000173|65000778|6|MAQI|formula
20000173|65000778|8|MUCOI|formula
20000174|65000779|6|MAQI|formula
20000174|65000779|8|MUCOI|formula
20000175|65000781|6|MAQI|formula
20000175|65000781|8|MUCOI|formula
20000176|65000782|6|MAQI|formula
20000177|65000783|2|AVI|formula
20000177|65000783|3|CELI|formula
20000177|65000783|6|MAQI|formula
20000177|65000783|10|CUNA|nomenclature
20000178|65000784|6|MAQI|formula
20000179|65000785|6|MAQI|formula
20000179|65000785|8|MUCOI|formula
20000179|65000785|41|BIR|name
20000180|65000786|6|MAQI|formula
20000180|65000786|9|NIOTA|formula
20000180|65000786|10|CUNA|nomenclature
20000181|65000787|8|MUCOI|formula
20000183|65000789|10|CUNA|nomenclature
20000183|65000790|10|CUNA|nomenclature
20000184|65000791|6|MAQI|formula
20000184|65000791|62|BROCAGNI|name
20000185|65000792|6|MAQI|formula
20000185|65000792|20|BRAN|nomenclature
20000185|65000793|6|MAQI|formula
20000185|65000793|20|BRAN|nomenclature
20000188|65000797|6|MAQI|formula
20000188|65000797|43|BRUSCCOS|name
20000188|65000798|6|MAQI|formula
20000188|65000798|8|MUCOI|formula
20000188|65000798|43|BRUSCCOS|name
20000191|65000800|6|MAQI|formula
20000191|65000800|8|MUCOI|formula
20000191|65000800|51|DRUGNO|name
20000192|65000802|2|AVI|formula
20000192|65000802|6|MAQI|formula
20000193|65000803|1|ANM|formula
20000193|65000803|6|MAQI|formula
20000194|65000804|2|AVI|formula
20000194|65000804|71|DALAGNI|name
20000195|65000805|6|MAQI|formula
20000195|65000805|8|MUCOI|formula
20000195|65000805|85|GOSOCTAS|name
20000197|65000807|6|MAQI|formula
20000197|65000807|8|MUCOI|formula
20000197|65000808|6|MAQI|formula
20000197|65000808|8|MUCOI|formula
20000198|65000809|6|MAQI|formula
20000198|65000809|8|MUCOI|formula
20000198|65000809|13|DOV|nomenclature
20000198|65000809|20|BRAN|nomenclature
20000198|65000809|96|BRANADDOV|name
20000198|65000810|6|MAQI|formula
20000198|65000810|8|MUCOI|formula
20000198|65000810|13|DOV|nomenclature
20000198|65000810|20|BRAN|nomenclature
20000198|65000810|96|BRANADDOV|name
20000199|65000811|6|MAQI|formula
20000199|65000811|41|BIR|name
20000202|65000816|13|DOV|nomenclature
20000202|65000816|24|DOVALESCI|name
20000202|65000816|103|DOVALESCI|name
20000202|65000817|13|DOV|nomenclature
20000206|65000824|6|MAQI|formula
20000206|65000824|10|CUNA|nomenclature
20000206|65000824|32|CUNAGUSSOS|name
20000206|65000824|87|CUNAGUSSOS|name
20000206|65000825|10|CUNA|nomenclature
20000206|65000825|32|CUNAGUSSOS|name
20000206|65000825|87|CUNAGUSSOS|name
20000209|65000830|6|MAQI|formula
20000209|65000830|11|CATTU|nomenclature
20000209|65000831|6|MAQI|formula
20000209|65000831|11|CATTU|nomenclature
20000210|65000832|44|CARI|name
20000211|65000836|6|MAQI|formula
20000211|65000835|6|MAQI|formula
20000211|65000837|6|MAQI|formula
20000211|65000837|8|MUCOI|formula
20000211|65000837|18|ERC|nomenclature
20000211|65000837|52|ERC|name
20000211|65000834|6|MAQI|formula
20000211|65000834|8|MUCOI|formula
20000212|65000838|6|MAQI|formula
20000212|65000838|8|MUCOI|formula
20000212|65000838|22|IVA|nomenclature
20000213|65000840|6|MAQI|formula
20000213|65000840|8|MUCOI|formula
20000213|65000840|23|TREN|nomenclature
20000213|65000839|6|MAQI|formula
20000213|65000839|8|MUCOI|formula
20000213|65000839|23|TREN|nomenclature
20000213|65000839|56|TRENU|name
20000214|65000841|6|MAQI|formula
20000214|65000841|11|CATTU|nomenclature
20000215|65000843|2|AVI|formula
20000215|65000843|12|BARR|nomenclature
20000215|65000843|40|BARI|name
20000215|65000842|12|BARR|nomenclature
20000215|65000842|40|BARI|name
20000217|65000845|6|MAQI|formula
20000217|65000845|22|IVA|nomenclature
20000218|65000846|6|MAQI|formula
20000218|65000846|10|CUNA|nomenclature
20000218|65000846|14|GLAS|nomenclature
20000218|65000846|20|BRAN|nomenclature
20000218|65000846|100|GLASICONAS|name
20000218|65000847|6|MAQI|formula
20000218|65000847|10|CUNA|nomenclature
20000218|65000847|14|GLAS|nomenclature
20000218|65000847|20|BRAN|nomenclature
20000218|65000847|100|GLASICONAS|name
20000219|65000850|18|ERC|nomenclature
20000219|65000850|26|DERCMASOC|name
20000219|65000850|52|ERC|name
20000219|65000848|6|MAQI|formula
20000219|65000848|11|CATTU|nomenclature
20000219|65000848|18|ERC|nomenclature
20000219|65000848|26|DERCMASOC|name
20000219|65000848|52|ERC|name
20000219|65000849|18|ERC|nomenclature
20000219|65000849|26|DERCMASOC|name
20000219|65000849|52|ERC|name
20000223|65000853|2|AVI|formula
20000223|65000853|6|MAQI|formula
20000224|65000855|10|CUNA|nomenclature
20000224|65000854|2|AVI|formula
20000224|65000854|10|CUNA|nomenclature
20000225|65000856|1|ANM|formula
20000226|65000857|1|ANM|formula
20000226|65000857|6|MAQI|formula
20000226|65000857|83|CASONI|name
20000229|65000861|6|MAQI|formula
20000229|65000861|17|LUG|nomenclature
20000229|65000860|6|MAQI|formula
20000229|65000860|17|LUG|nomenclature
20000230|65000863|6|MAQI|formula
20000230|65000863|17|LUG|nomenclature
20000232|65000866|47|CURCI|name
20000232|65000865|2|AVI|formula
20000233|65000867|8|MUCOI|formula
20000233|65000867|22|IVA|nomenclature
20000233|65000868|8|MUCOI|formula
20000233|65000868|22|IVA|nomenclature
20000234|65000869|6|MAQI|formula
20000234|65000874|10|CUNA|nomenclature
20000234|65000874|48|DALI|name
20000234|65000874|60|BAIDAGNI|name
20000234|65000870|6|MAQI|formula
20000234|65000873|10|CUNA|nomenclature
20000234|65000873|48|DALI|name
20000234|65000873|60|BAIDAGNI|name
20000235|65000875|17|LUG|nomenclature
20000236|65000876|6|MAQI|formula
20000236|65000877|6|MAQI|formula
20000239|65000878|6|MAQI|formula
20000241|65000881|6|MAQI|formula
20000241|65000880|6|MAQI|formula
20000246|65000885|17|LUG|nomenclature
20000246|65000885|19|RITTA|nomenclature
20000248|65000888|1|ANM|formula
20000248|65000888|6|MAQI|formula
20000249|65000889|6|MAQI|formula
20000249|65000889|8|MUCOI|formula
20000249|65000889|10|CUNA|nomenclature
20000249|65000889|17|LUG|nomenclature
20000250|65000890|6|MAQI|formula
20000250|65000891|6|MAQI|formula
20000251|65000892|2|AVI|formula
20000251|65000892|6|MAQI|formula
20000251|65000892|20|BRAN|nomenclature
20000252|65000893|8|MUCOI|formula
20000253|65000894|6|MAQI|formula
20000254|65000895|6|MAQI|formula
20000255|65000896|6|MAQI|formula
20000256|65000897|2|AVI|formula
20000256|65000897|13|DOV|nomenclature
20000260|65000903|6|MAQI|formula
20000263|65000907|6|MAQI|formula
20000263|65000906|6|MAQI|formula
20000265|65000909|10|CUNA|nomenclature
20000266|65000910|3|CELI|formula
20000266|65000910|9|NIOTA|formula
20000268|65000911|9|NIOTA|formula
20000269|65000912|12|BARR|nomenclature
20000272|65000915|6|MAQI|formula
20000274|65000917|8|MUCOI|formula
20000274|65000917|12|BARR|nomenclature
20000275|65000918|6|MAQI|formula
20000276|65000919|6|MAQI|formula
20000277|65000920|6|MAQI|formula
20000277|65000920|8|MUCOI|formula
20000277|65000920|17|LUG|nomenclature
20000278|65000921|6|MAQI|formula
20000280|65000924|6|MAQI|formula
20000281|65000926|6|MAQI|formula
20000281|65000925|6|MAQI|formula
20000281|65000925|17|LUG|nomenclature
20000282|65000927|6|MAQI|formula
20000282|65000927|17|LUG|nomenclature
20000283|65000929|18|ERC|nomenclature
20000283|65000929|52|ERC|name
20000283|65000928|18|ERC|nomenclature
20000283|65000928|52|ERC|name
20000284|65000930|6|MAQI|formula
20000285|65000931|6|MAQI|formula
20000285|65000931|20|BRAN|nomenclature
20000288|65000936|16|VIR|nomenclature
20000289|65000937|2|AVI|formula
20000289|65000937|13|DOV|nomenclature
20000290|65000938|6|MAQI|formula
20000292|65000941|1|ANM|formula
20000292|65000942|1|ANM|formula
20000293|65000943|1|ANM|formula
20000293|65000943|6|MAQI|formula
20000294|65000944|1|ANM|formula
20000294|65000944|6|MAQI|formula
20000295|65000945|6|MAQI|formula
20000297|65000949|10|CUNA|nomenclature
20000297|65000949|90|GAMICUNAS|name
20000297|65000950|10|CUNA|nomenclature
20000297|65000950|90|GAMICUNAS|name
20000297|65000951|10|CUNA|nomenclature
20000297|65000951|90|GAMICUNAS|name
20000300|65000954|6|MAQI|formula
20000300|65000954|49|DEGOS|name
20000301|65000955|3|CELI|formula
20000301|65000955|6|MAQI|formula
20000302|65000956|6|MAQI|formula
20000302|65000956|22|IVA|nomenclature
20000302|65000956|92|IVAGENI|name
20000304|65000959|6|MAQI|formula
20000304|65000959|48|DALI|name
20000304|65000959|71|DALAGNI|name
20000305|65000960|5|KOI|formula
20000305|65000960|9|NIOTA|formula
20000305|65000960|17|LUG|nomenclature
20000305|65000960|23|TREN|nomenclature
20000306|65000961|6|MAQI|formula
20000306|65000961|16|VIR|nomenclature
20000306|65000961|33|VERGOSO|name
20000306|65000961|94|VERGOSO|name
20000307|65000962|6|MAQI|formula
20000307|65000962|21|QENN|nomenclature
20000308|65000963|6|MAQI|formula
20000310|65000965|6|MAQI|formula
20000311|65000966|6|MAQI|formula
20000312|65000967|6|MAQI|formula
20000313|65000968|6|MAQI|formula
20000313|65000968|9|NIOTA|formula
20000313|65000968|28|CUNANETAS|name
20000314|65000969|2|AVI|formula
20000314|65000969|6|MAQI|formula
20000314|65000969|14|GLAS|nomenclature
20000314|65000969|35|INEQAGLAS|name
20000314|65000970|6|MAQI|formula
20000314|65000970|8|MUCOI|formula
20000318|65000975|6|MAQI|formula
20000318|65000975|9|NIOTA|formula
20000318|65000975|10|CUNA|nomenclature
20000319|65000976|1|ANM|formula
20000320|65000977|6|MAQI|formula
20000321|65000978|12|BARR|nomenclature
20000322|65000979|6|MAQI|formula
20000326|65000982|6|MAQI|formula
20000326|65000982|19|RITTA|nomenclature
20000327|65000983|6|MAQI|formula
20000327|65000983|8|MUCOI|formula
20000327|65000983|45|CORBBI|name
20000329|65000985|6|MAQI|formula
20000329|65000985|68|CORBAGNI|name
20000330|65000986|6|MAQI|formula
20000330|65000986|8|MUCOI|formula
20000333|65000988|2|AVI|formula
20000333|65000988|8|MUCOI|formula
20000334|65000989|6|MAQI|formula
20000334|65000989|18|ERC|nomenclature
20000334|65000989|22|IVA|nomenclature
20000334|65000989|52|ERC|name
20000335|65000990|8|MUCOI|formula
20000335|65000990|10|CUNA|nomenclature
20000335|65000990|41|BIR|name
20000338|65000994|6|MAQI|formula
20000338|65000995|48|DALI|name
20000339|65000997|6|MAQI|formula
20000339|65000996|6|MAQI|formula
20000339|65000998|6|MAQI|formula
20000340|65001000|66|COMMAGGAGNI|name
20000340|65001001|66|COMMAGGAGNI|name
20000343|65001005|6|MAQI|formula
20000343|65001005|8|MUCOI|formula
20000343|65001005|22|IVA|nomenclature
20000343|65001005|47|CURCI|name
20000344|65001007|2|AVI|formula
20000344|65001007|6|MAQI|formula
20000344|65001007|18|ERC|nomenclature
20000344|65001007|52|ERC|name
20000344|65001006|2|AVI|formula
20000344|65001006|6|MAQI|formula
20000344|65001006|18|ERC|nomenclature
20000344|65001006|52|ERC|name
20000345|65001008|6|MAQI|formula
20000345|65001008|38|ALATTOS|name
20000346|65001010|6|MAQI|formula
20000346|65001010|18|ERC|nomenclature
20000346|65001010|52|ERC|name
20000346|65001009|6|MAQI|formula
20000346|65001009|18|ERC|nomenclature
20000346|65001009|52|ERC|name
20000347|65001011|6|MAQI|formula
20000347|65001011|8|MUCOI|formula
20000347|65001011|10|CUNA|nomenclature
20000349|65001012|6|MAQI|formula
20000350|65001013|6|MAQI|formula
20000350|65001013|8|MUCOI|formula
20000350|65001014|8|MUCOI|formula
20000351|65001015|10|CUNA|nomenclature
20000352|65001016|6|MAQI|formula
20000352|65001017|6|MAQI|formula
20000353|65001018|6|MAQI|formula
20000354|65001019|6|MAQI|formula
20000355|65001021|8|MUCOI|formula
20000355|65001020|8|MUCOI|formula
20000356|65001022|9|NIOTA|formula
20000361|65001026|6|MAQI|formula
20000362|65001027|3|CELI|formula
20000362|65001027|38|ALATTOS|name
20000362|65001027|80|BATTIGNI|name
20000362|65001028|3|CELI|formula
20000362|65001028|38|ALATTOS|name
20000364|65001031|6|MAQI|formula
20000364|65001031|8|MUCOI|formula
20000364|65001031|11|CATTU|nomenclature
20000366|65001034|6|MAQI|formula
20000367|65001036|6|MAQI|formula
20000367|65001036|8|MUCOI|formula
20000367|65001036|17|LUG|nomenclature
20000367|65001036|76|MODDAGNI|name
30000001|65000324|6|MAQI|formula
30000003|65000326|6|MAQI|formula
30000005|65000328|8|MUCOI|formula
30000005|65000328|66|COMMAGGAGNI|name
30000007|65000330|10|CUNA|nomenclature
30000009|65000332|6|MAQI|formula
30000009|65000332|48|DALI|name
30000009|65000332|71|DALAGNI|name
30000010|65000333|6|MAQI|formula
30000010|65000333|54|MEDVVI|name
30000010|65000333|59|VRAICCI|name
30000011|65000334|5|KOI|formula
30000011|65000334|9|NIOTA|formula
30000011|65000334|17|LUG|nomenclature
30000011|65000334|23|TREN|nomenclature
30000012|65000335|6|MAQI|formula
30000012|65000335|8|MUCOI|formula
30000014|65000337|6|MAQI|formula
30000015|65000338|2|AVI|formula
30000015|65000338|3|CELI|formula
30000016|65000339|6|MAQI|formula
30000016|65000339|77|RONANN|name
30000017|65000340|6|MAQI|formula
30000017|65000340|17|LUG|nomenclature
30000018|65000341|6|MAQI|formula
30000018|65000341|10|CUNA|nomenclature
30000020|65000343|2|AVI|formula
30000020|65000343|6|MAQI|formula
30000020|65000343|8|MUCOI|formula
30000020|65000343|13|DOV|nomenclature
30000022|65000345|6|MAQI|formula
30000023|65000346|6|MAQI|formula
30000023|65000346|11|CATTU|nomenclature
30000024|65000347|6|MAQI|formula
30000024|65000347|10|CUNA|nomenclature
30000024|65000347|13|DOV|nomenclature
30000024|65000347|45|CORBBI|name
30000026|65000349|5|KOI|formula
30000026|65000349|6|MAQI|formula
30000026|65000349|13|DOV|nomenclature
30000027|65000350|6|MAQI|formula
30000027|65000350|11|CATTU|nomenclature
30000027|65000350|13|DOV|nomenclature
30000028|65000351|6|MAQI|formula
30000029|65000352|6|MAQI|formula
30000029|65000352|10|CUNA|nomenclature
30000029|65000352|14|GLAS|nomenclature
30000029|65000352|100|GLASICONAS|name
30000030|65000353|6|MAQI|formula
30000031|65000354|6|MAQI|formula
30000031|65000354|47|CURCI|name
30000033|65000356|2|AVI|formula
30000033|65000356|6|MAQI|formula
30000033|65000356|10|CUNA|nomenclature
30000033|65000356|45|CORBBI|name
30000034|65000357|5|KOI|formula
30000034|65000357|6|MAQI|formula
30000034|65000357|8|MUCOI|formula
30000034|65000357|9|NIOTA|formula
30000034|65000357|13|DOV|nomenclature
30000035|65000358|6|MAQI|formula
30000035|65000358|64|COIMAGNI|name
30000036|65000359|8|MUCOI|formula
30000037|65000360|6|MAQI|formula
30000037|65000360|8|MUCOI|formula
30000037|65000360|21|QENN|nomenclature
30000038|65000361|6|MAQI|formula
30000039|65000362|6|MAQI|formula
30000040|65000363|6|MAQI|formula
30000041|65000364|6|MAQI|formula
30000041|65000364|8|MUCOI|formula
30000041|65000364|13|DOV|nomenclature
30000041|65000364|18|ERC|nomenclature
30000041|65000364|52|ERC|name
30000042|65000365|6|MAQI|formula
30000042|65000365|13|DOV|nomenclature
30000042|65000365|18|ERC|nomenclature
30000042|65000365|52|ERC|name
30000043|65000366|6|MAQI|formula
30000043|65000366|43|BRUSCCOS|name
30000044|65000367|6|MAQI|formula
30000045|65000368|2|AVI|formula
30000045|65000368|6|MAQI|formula
30000047|65000370|1|ANM|formula
30000047|65000370|6|MAQI|formula
30000047|65000370|41|BIR|name
30000047|65000370|62|BROCAGNI|name
30000049|65000372|2|AVI|formula
30000050|65000373|2|AVI|formula
30000050|65000373|11|CATTU|nomenclature
30000050|65000373|22|IVA|nomenclature
30000050|65000373|91|IVACATTOS|name
30000052|65000375|10|CUNA|nomenclature
30000052|65000375|90|GAMICUNAS|name
30000053|65000376|6|MAQI|formula
30000053|65000376|21|QENN|nomenclature
30000054|65000377|1|ANM|formula
30000055|65000378|6|MAQI|formula
30000055|65000378|8|MUCOI|formula
30000055|65000378|22|IVA|nomenclature
30000055|65000378|47|CURCI|name
30000056|65000379|2|AVI|formula
30000056|65000379|6|MAQI|formula
30000056|65000379|18|ERC|nomenclature
30000056|65000379|52|ERC|name
30000057|65000380|6|MAQI|formula
30000057|65000380|8|MUCOI|formula
30000057|65000380|49|DEGOS|name
30000058|65000381|6|MAQI|formula
30000058|65000381|8|MUCOI|formula
30000059|65000382|10|CUNA|nomenclature
30000060|65000383|6|MAQI|formula
30000061|65000384|6|MAQI|formula
30000061|65000384|8|MUCOI|formula
30000061|65000384|22|IVA|nomenclature
30000061|65000384|58|VORGOS|name
30000062|65000385|6|MAQI|formula
30000063|65000386|6|MAQI|formula
30000064|65000387|6|MAQI|formula
30000065|65000388|6|MAQI|formula
30000066|65000389|1|ANM|formula
30000066|65000389|6|MAQI|formula
30000066|65000389|16|VIR|nomenclature
30000067|65000390|6|MAQI|formula
30000067|65000390|17|LUG|nomenclature
30000069|65000392|6|MAQI|formula
30000071|65000394|6|MAQI|formula
30000071|65000394|19|RITTA|nomenclature
30000074|65000397|3|CELI|formula
30000074|65000397|38|ALATTOS|name
30000074|65000397|80|BATTIGNI|name
30000076|65000399|6|MAQI|formula
30000076|65000399|8|MUCOI|formula
30000076|65000399|11|CATTU|nomenclature
30000078|65000401|5|KOI|formula
30000078|65000401|6|MAQI|formula
30000078|65000401|8|MUCOI|formula
30000079|65000402|1|ANM|formula
30000079|65000402|6|MAQI|formula
30000079|65000402|8|MUCOI|formula
30000079|65000402|18|ERC|nomenclature
30000079|65000402|52|ERC|name
30000080|65000403|1|ANM|formula
30000081|65000404|6|MAQI|formula
30000082|65000405|6|MAQI|formula
30000083|65000406|6|MAQI|formula
30000083|65000406|10|CUNA|nomenclature
30000083|65000406|48|DALI|name
30000083|65000406|60|BAIDAGNI|name
30000085|65000408|6|MAQI|formula
30000088|65000411|6|MAQI|formula
30000088|65000411|10|CUNA|nomenclature
30000088|65000411|14|GLAS|nomenclature
30000088|65000411|20|BRAN|nomenclature
30000088|65000411|100|GLASICONAS|name
30000090|65000413|1|ANM|formula
30000090|65000413|6|MAQI|formula
30000091|65000414|1|ANM|formula
30000091|65000414|6|MAQI|formula
30000092|65000415|6|MAQI|formula
30000092|65000415|9|NIOTA|formula
30000092|65000415|17|LUG|nomenclature
30000092|65000415|23|TREN|nomenclature
30000093|65000416|6|MAQI|formula
30000093|65000416|8|MUCOI|formula
30000093|65000416|9|NIOTA|formula
30000093|65000416|17|LUG|nomenclature
30000094|65000417|6|MAQI|formula
30000096|65000419|6|MAQI|formula
30000096|65000419|8|MUCOI|formula
30000096|65000419|10|CUNA|nomenclature
30000096|65000419|17|LUG|nomenclature
30000097|65000420|6|MAQI|formula
30000097|65000420|8|MUCOI|formula
30000097|65000420|17|LUG|nomenclature
30000098|65000421|11|CATTU|nomenclature
30000098|65000421|16|VIR|nomenclature
30000099|65000422|6|MAQI|formula
30000099|65000422|8|MUCOI|formula
30000100|65000423|6|MAQI|formula
30000100|65000423|8|MUCOI|formula
30000101|65000424|6|MAQI|formula
30000102|65000425|2|AVI|formula
30000102|65000425|3|CELI|formula
30000102|65000425|6|MAQI|formula
30000102|65000425|10|CUNA|nomenclature
30000103|65000426|6|MAQI|formula
30000104|65000427|6|MAQI|formula
30000104|65000427|8|MUCOI|formula
30000104|65000427|41|BIR|name
30000105|65000428|6|MAQI|formula
30000105|65000428|9|NIOTA|formula
30000106|65000429|8|MUCOI|formula
30000107|65000430|6|MAQI|formula
30000107|65000430|8|MUCOI|formula
30000109|65000432|6|MAQI|formula
30000109|65000432|8|MUCOI|formula
30000110|65000433|8|MUCOI|formula
30000110|65000433|22|IVA|nomenclature
30000111|65000434|8|MUCOI|formula
30000111|65000434|9|NIOTA|formula
30000114|65000437|8|MUCOI|formula
30000115|65000438|6|MAQI|formula
30000117|65000440|6|MAQI|formula
30000117|65000440|8|MUCOI|formula
30000117|65000440|12|BARR|nomenclature
30000118|65000441|6|MAQI|formula
30000119|65000442|6|MAQI|formula
30000119|65000442|8|MUCOI|formula
30000119|65000442|9|NIOTA|formula
30000119|65000442|10|CUNA|nomenclature
30000119|65000442|28|CUNANETAS|name
30000120|65000443|6|MAQI|formula
30000120|65000443|8|MUCOI|formula
30000120|65000443|51|DRUGNO|name
30000121|65000444|6|MAQI|formula
30000121|65000444|8|MUCOI|formula
30000122|65000445|5|KOI|formula
30000122|65000445|6|MAQI|formula
30000123|65000446|16|VIR|nomenclature
30000124|65000447|6|MAQI|formula
30000124|65000447|16|VIR|nomenclature
30000125|65000448|2|AVI|formula
30000125|65000448|13|DOV|nomenclature
30000126|65000449|5|KOI|formula
30000126|65000449|6|MAQI|formula
30000127|65000450|6|MAQI|formula
30000127|65000450|17|LUG|nomenclature
30000128|65000451|2|AVI|formula
30000128|65000451|6|MAQI|formula
30000128|65000451|14|GLAS|nomenclature
30000128|65000451|35|INEQAGLAS|name
30000129|65000452|6|MAQI|formula
30000129|65000452|11|CATTU|nomenclature
30000129|65000452|18|ERC|nomenclature
30000129|65000452|26|DERCMASOC|name
30000129|65000452|52|ERC|name
30000130|65000453|9|NIOTA|formula
30000130|65000453|44|CARI|name
30000131|65000454|5|KOI|formula
30000131|65000454|6|MAQI|formula
30000131|65000454|8|MUCOI|formula
30000132|65000455|6|MAQI|formula
30000134|65000457|6|MAQI|formula
30000135|65000458|6|MAQI|formula
30000135|65000458|8|MUCOI|formula
30000135|65000458|23|TREN|nomenclature
30000135|65000458|56|TRENU|name
30000136|65000459|6|MAQI|formula
30000136|65000459|11|CATTU|nomenclature
30000137|65000460|2|AVI|formula
30000137|65000460|6|MAQI|formula
30000138|65000461|73|GIRAGNI|name
30000139|65000462|6|MAQI|formula
30000139|65000462|8|MUCOI|formula
30000139|65000462|10|CUNA|nomenclature
30000139|65000462|16|VIR|nomenclature
30000139|65000462|79|VIRAGNI|name
30000140|65000463|6|MAQI|formula
30000140|65000463|8|MUCOI|formula
30000140|65000463|64|COIMAGNI|name
30000143|65000466|6|MAQI|formula
30000143|65000466|22|IVA|nomenclature
30000144|65000467|5|KOI|formula
30000144|65000467|6|MAQI|formula
30000144|65000467|68|CORBAGNI|name
30000145|65000468|11|CATTU|nomenclature
30000147|65000470|6|MAQI|formula
30000147|65000470|8|MUCOI|formula
30000147|65000470|9|NIOTA|formula
30000147|65000470|41|BIR|name
30000148|65000471|1|ANM|formula
30000148|65000471|6|MAQI|formula
30000148|65000471|41|BIR|name
30000149|65000472|6|MAQI|formula
30000149|65000472|19|RITTA|nomenclature
30000150|65000473|2|AVI|formula
30000151|65000474|10|CUNA|nomenclature
30000152|65000475|6|MAQI|formula
30000152|65000475|13|DOV|nomenclature
30000152|65000475|19|RITTA|nomenclature
30000153|65000476|5|KOI|formula
30000153|65000476|6|MAQI|formula
30000154|65000477|6|MAQI|formula
30000156|65000479|6|MAQI|formula
30000156|65000479|8|MUCOI|formula
30000157|65000480|6|MAQI|formula
30000158|65000481|1|ANM|formula
30000158|65000481|6|MAQI|formula
30000161|65000484|6|MAQI|formula
30000161|65000484|8|MUCOI|formula
30000161|65000484|10|CUNA|nomenclature
30000162|65000485|8|MUCOI|formula
